{
    "n_estimators": 294,
    "max_depth": 8,
    "learning_rate": 0.0883907564173969,
    "subsample": 0.8111704433979792,
    "min_samples_split": 4,
    "min_samples_leaf": 2
}